Transaction_ID,Station_ID,Zone,Charging_Duration_Mins,Energy_Consumed_kWh,Total_Amount_INR,Payment_Method,Transaction_Status,Timestamp
EV_TXN_8001,STN_113,West Zone - Highway Corridor,180,52.88,793.2,Credit Card,SUCCESS,2026-08-09 06:20:22
EV_TXN_8002,STN_108,West Zone - Highway Corridor,24,9.12,136.8,RFID Card,SUCCESS,2026-08-13 19:07:22
EV_TXN_8003,STN_110,Central Zone - Metro Station,64,23.92,358.8,RFID Card,SUCCESS,2026-08-16 20:18:22
EV_TXN_8004,STN_112,North Zone - Tech Park,148,36.96,554.4,RFID Card,SUCCESS,2026-08-05 19:30:22
EV_TXN_8005,STN_101,South Zone - Residential,175,61.97,929.55,UPI / QR,SUCCESS,2026-08-13 06:36:22
EV_TXN_8006,STN_104,South Zone - Residential,46,12.49,187.35,Credit Card,CHARGER_FAULT,2026-08-14 20:32:22
EV_TXN_8007,STN_105,East Zone - Commercial Hub,64,16.62,249.3,RFID Card,SUCCESS,2026-08-13 22:58:22
EV_TXN_8008,STN_101,Central Zone - Metro Station,64,22.95,344.25,Mobile Wallet,FAILED_PAYMENT,2026-08-02 23:25:22
EV_TXN_8009,STN_107,South Zone - Residential,76,23.65,354.75,RFID Card,SUCCESS,2026-08-18 03:10:22
EV_TXN_8010,STN_106,North Zone - Tech Park,35,13.7,,,SUCCESS,2026-08-02 23:41:22
EV_TXN_8011,STN_105,South Zone - Residential,79,29.45,441.75,Mobile Wallet,CHARGER_FAULT,2026-08-11 16:06:22
EV_TXN_8012,STN_115,South Zone - Residential,158,37.45,561.75,,SUCCESS,2026-08-16 19:44:22
EV_TXN_8013,STN_115,North Zone - Tech Park,59,15.89,238.35,Mobile Wallet,SUCCESS,2026-08-02 04:46:22
EV_TXN_8014,STN_108,North Zone - Tech Park,63,19.72,295.8,Credit Card,CHARGER_FAULT,2026-08-21 05:56:22
EV_TXN_8015,STN_111,North Zone - Tech Park,142,39.3,589.5,RFID Card,SUCCESS,2026-08-04 16:04:22
EV_TXN_8016,STN_113,North Zone - Tech Park,67,18.92,283.8,UPI / QR,FAILED_PAYMENT,2026-08-12 20:16:22
EV_TXN_8017,STN_104,South Zone - Residential,135,52.41,786.15,Credit Card,SUCCESS,2026-08-13 19:17:22
EV_TXN_8018,STN_110,South Zone - Residential,36,11.19,167.85,UPI / QR,SUCCESS,2026-08-08 06:06:22
EV_TXN_8019,STN_106,Central Zone - Metro Station,175,65.49,982.35,,FAILED_PAYMENT,2026-08-08 20:11:22
EV_TXN_8020,STN_114,West Zone - Highway Corridor,110,28.83,,Credit Card,SUCCESS,2026-08-17 17:12:22
EV_TXN_8021,STN_109,Central Zone - Metro Station,129,38.59,578.85,,FAILED_PAYMENT,2026-08-18 00:55:22
EV_TXN_8022,STN_104,East Zone - Commercial Hub,140,43.35,650.25,UPI / QR,FAILED_PAYMENT,2026-08-13 03:24:22
EV_TXN_8023,STN_110,West Zone - Highway Corridor,173,50.69,760.35,UPI / QR,FAILED_PAYMENT,2026-08-04 02:57:22
EV_TXN_8024,STN_108,East Zone - Commercial Hub,102,40.34,605.1,,FAILED_PAYMENT,2026-08-15 03:42:22
EV_TXN_8025,STN_115,East Zone - Commercial Hub,80,26.14,392.1,Credit Card,SUCCESS,2026-08-12 03:37:22
EV_TXN_8026,STN_115,West Zone - Highway Corridor,20,6.8,102.0,RFID Card,SUCCESS,2026-08-11 03:39:22
EV_TXN_8027,STN_115,South Zone - Residential,116,23.53,352.95,UPI / QR,SUCCESS,2026-08-08 23:39:22
EV_TXN_8028,STN_110,North Zone - Tech Park,113,23.72,355.8,,SUCCESS,2026-08-09 15:50:22
EV_TXN_8029,STN_103,East Zone - Commercial Hub,82,25.48,382.2,RFID Card,SUCCESS,2026-08-15 00:56:22
EV_TXN_8030,STN_113,South Zone - Residential,120,39.91,,RFID Card,SUCCESS,2026-08-14 01:35:22
EV_TXN_8031,STN_114,North Zone - Tech Park,175,53.14,797.1,Mobile Wallet,CHARGER_FAULT,2026-08-15 03:13:22
EV_TXN_8032,STN_101,East Zone - Commercial Hub,101,35.05,525.75,UPI / QR,FAILED_PAYMENT,2026-08-02 03:26:22
EV_TXN_8033,STN_105,South Zone - Residential,108,35.06,525.9,Credit Card,SUCCESS,2026-08-02 20:24:22
EV_TXN_8034,STN_107,West Zone - Highway Corridor,166,42.24,633.6,,SUCCESS,2026-08-18 15:42:22
EV_TXN_8035,STN_106,South Zone - Residential,71,27.95,419.25,Credit Card,CHARGER_FAULT,2026-08-19 15:32:22
EV_TXN_8036,STN_107,Central Zone - Metro Station,81,24.06,360.9,UPI / QR,SUCCESS,2026-08-18 19:43:22
EV_TXN_8037,STN_113,North Zone - Tech Park,95,26.18,392.7,,SUCCESS,2026-08-15 00:57:22
EV_TXN_8038,STN_101,East Zone - Commercial Hub,75,15.93,238.95,RFID Card,FAILED_PAYMENT,2026-08-07 18:35:22
EV_TXN_8039,STN_109,East Zone - Commercial Hub,54,12.92,193.8,Mobile Wallet,SUCCESS,2026-08-05 04:47:22
EV_TXN_8040,STN_102,South Zone - Residential,172,68.7,,Credit Card,SUCCESS,2026-08-05 18:09:22
EV_TXN_8041,STN_110,East Zone - Commercial Hub,108,28.05,420.75,Mobile Wallet,SUCCESS,2026-08-17 06:26:22
EV_TXN_8042,STN_106,Central Zone - Metro Station,68,18.42,276.3,UPI / QR,SUCCESS,2026-08-19 18:10:22
EV_TXN_8043,STN_115,Central Zone - Metro Station,124,49.31,739.65,Mobile Wallet,SUCCESS,2026-08-14 04:23:22
EV_TXN_8044,STN_113,East Zone - Commercial Hub,48,14.65,219.75,RFID Card,SUCCESS,2026-08-02 05:30:22
EV_TXN_8045,STN_107,North Zone - Tech Park,103,24.24,363.6,Credit Card,FAILED_PAYMENT,2026-08-18 04:52:22
EV_TXN_8046,STN_115,East Zone - Commercial Hub,152,31.17,467.55,UPI / QR,SUCCESS,2026-08-04 01:06:22
EV_TXN_8047,STN_107,East Zone - Commercial Hub,122,36.97,554.55,,SUCCESS,2026-08-07 16:28:22
EV_TXN_8048,STN_101,North Zone - Tech Park,157,56.78,851.7,Mobile Wallet,SUCCESS,2026-08-09 03:42:22
EV_TXN_8049,STN_113,Central Zone - Metro Station,52,10.46,156.9,RFID Card,SUCCESS,2026-08-16 06:26:22
EV_TXN_8050,STN_107,Central Zone - Metro Station,176,69.0,,,SUCCESS,2026-08-12 04:24:22
EV_TXN_8051,STN_112,North Zone - Tech Park,49,18.62,279.3,,SUCCESS,2026-08-14 17:25:22
EV_TXN_8052,STN_111,Central Zone - Metro Station,168,47.06,705.9,UPI / QR,SUCCESS,2026-08-17 05:19:22
EV_TXN_8053,STN_114,Central Zone - Metro Station,113,32.52,487.8,UPI / QR,SUCCESS,2026-08-04 01:00:22
EV_TXN_8054,STN_104,North Zone - Tech Park,106,35.54,533.1,UPI / QR,SUCCESS,2026-08-01 20:08:22
EV_TXN_8055,STN_103,East Zone - Commercial Hub,136,35.35,530.25,,SUCCESS,2026-08-07 17:13:22
EV_TXN_8056,STN_102,Central Zone - Metro Station,135,28.4,426.0,UPI / QR,SUCCESS,2026-08-13 04:24:22
EV_TXN_8057,STN_107,West Zone - Highway Corridor,113,29.8,447.0,RFID Card,SUCCESS,2026-08-08 06:26:22
EV_TXN_8058,STN_112,South Zone - Residential,125,42.98,644.7,UPI / QR,CHARGER_FAULT,2026-08-03 05:29:22
EV_TXN_8059,STN_110,West Zone - Highway Corridor,74,15.53,232.95,Credit Card,SUCCESS,2026-08-08 17:06:22
EV_TXN_8060,STN_104,West Zone - Highway Corridor,42,9.82,,,SUCCESS,2026-08-13 17:49:22
EV_TXN_8061,STN_110,South Zone - Residential,172,54.16,812.4,Mobile Wallet,SUCCESS,2026-08-04 20:16:22
EV_TXN_8062,STN_107,South Zone - Residential,27,6.79,101.85,Mobile Wallet,CHARGER_FAULT,2026-08-03 18:53:22
EV_TXN_8063,STN_101,Central Zone - Metro Station,163,55.05,825.75,Mobile Wallet,SUCCESS,2026-08-18 15:22:22
EV_TXN_8064,STN_114,North Zone - Tech Park,39,12.46,186.9,,CHARGER_FAULT,2026-08-01 15:20:22
EV_TXN_8065,STN_110,Central Zone - Metro Station,55,11.25,168.75,,FAILED_PAYMENT,2026-08-07 04:19:22
EV_TXN_8066,STN_112,North Zone - Tech Park,139,30.62,459.3,Mobile Wallet,SUCCESS,2026-08-13 19:28:22
EV_TXN_8067,STN_109,Central Zone - Metro Station,97,32.09,481.35,Credit Card,SUCCESS,2026-08-02 03:31:22
EV_TXN_8068,STN_104,South Zone - Residential,108,25.23,378.45,Mobile Wallet,SUCCESS,2026-08-15 16:43:22
EV_TXN_8069,STN_110,South Zone - Residential,169,47.13,706.95,Mobile Wallet,SUCCESS,2026-08-13 19:52:22
EV_TXN_8070,STN_102,North Zone - Tech Park,106,42.25,,RFID Card,SUCCESS,2026-08-15 17:58:22
EV_TXN_8071,STN_113,South Zone - Residential,55,18.31,274.65,RFID Card,FAILED_PAYMENT,2026-08-03 03:09:22
EV_TXN_8072,STN_113,East Zone - Commercial Hub,24,9.25,138.75,,SUCCESS,2026-08-21 03:12:22
EV_TXN_8073,STN_113,West Zone - Highway Corridor,19,4.98,74.7,UPI / QR,CHARGER_FAULT,2026-08-07 18:16:22
EV_TXN_8074,STN_113,Central Zone - Metro Station,28,5.87,88.05,Mobile Wallet,FAILED_PAYMENT,2026-08-12 17:10:22
EV_TXN_8075,STN_103,Central Zone - Metro Station,131,33.3,499.5,UPI / QR,FAILED_PAYMENT,2026-08-11 18:05:22
EV_TXN_8076,STN_113,East Zone - Commercial Hub,70,20.58,308.7,Credit Card,CHARGER_FAULT,2026-08-04 15:56:22
EV_TXN_8077,STN_109,North Zone - Tech Park,23,5.15,77.25,UPI / QR,FAILED_PAYMENT,2026-08-20 17:17:22
EV_TXN_8078,STN_105,South Zone - Residential,86,21.45,321.75,Mobile Wallet,SUCCESS,2026-08-18 02:58:22
EV_TXN_8079,STN_112,South Zone - Residential,178,65.97,989.55,Mobile Wallet,CHARGER_FAULT,2026-08-14 18:17:22
EV_TXN_8080,STN_114,South Zone - Residential,22,7.98,,UPI / QR,SUCCESS,2026-08-14 20:10:22
EV_TXN_8081,STN_113,South Zone - Residential,74,18.52,277.8,UPI / QR,SUCCESS,2026-08-09 18:41:22
EV_TXN_8082,STN_109,West Zone - Highway Corridor,112,30.84,462.6,,SUCCESS,2026-08-05 17:58:22
EV_TXN_8083,STN_109,East Zone - Commercial Hub,30,10.69,160.35,RFID Card,SUCCESS,2026-08-19 06:39:22
EV_TXN_8084,STN_101,Central Zone - Metro Station,107,40.23,603.45,Mobile Wallet,CHARGER_FAULT,2026-08-18 00:49:22
EV_TXN_8085,STN_110,North Zone - Tech Park,139,38.68,580.2,Mobile Wallet,CHARGER_FAULT,2026-08-21 04:58:22
EV_TXN_8086,STN_115,South Zone - Residential,22,8.37,125.55,UPI / QR,SUCCESS,2026-08-13 01:17:22
EV_TXN_8087,STN_108,East Zone - Commercial Hub,80,22.73,340.95,,SUCCESS,2026-08-07 17:17:22
EV_TXN_8088,STN_112,East Zone - Commercial Hub,121,44.9,673.5,Mobile Wallet,SUCCESS,2026-08-02 04:26:22
EV_TXN_8089,STN_102,Central Zone - Metro Station,98,35.43,531.45,,CHARGER_FAULT,2026-08-04 23:40:22
EV_TXN_8090,STN_102,East Zone - Commercial Hub,99,32.62,,,SUCCESS,2026-08-02 17:09:22
EV_TXN_8091,STN_105,North Zone - Tech Park,129,33.0,495.0,UPI / QR,SUCCESS,2026-08-14 16:52:22
EV_TXN_8092,STN_111,Central Zone - Metro Station,94,29.02,435.3,UPI / QR,SUCCESS,2026-08-17 18:35:22
EV_TXN_8093,STN_114,Central Zone - Metro Station,157,51.77,776.55,Credit Card,SUCCESS,2026-08-18 16:48:22
EV_TXN_8094,STN_107,West Zone - Highway Corridor,128,39.34,590.1,UPI / QR,FAILED_PAYMENT,2026-08-16 00:53:22
EV_TXN_8095,STN_111,East Zone - Commercial Hub,30,8.13,121.95,,SUCCESS,2026-08-11 04:19:22
EV_TXN_8096,STN_103,West Zone - Highway Corridor,100,22.7,340.5,RFID Card,CHARGER_FAULT,2026-08-18 03:02:22
EV_TXN_8097,STN_101,Central Zone - Metro Station,86,26.89,403.35,Mobile Wallet,SUCCESS,2026-08-13 20:04:22
EV_TXN_8098,STN_112,East Zone - Commercial Hub,88,28.27,424.05,RFID Card,SUCCESS,2026-08-16 15:27:22
EV_TXN_8099,STN_112,North Zone - Tech Park,92,22.19,332.85,,SUCCESS,2026-08-11 19:11:22
EV_TXN_8100,STN_115,North Zone - Tech Park,76,15.91,,Mobile Wallet,FAILED_PAYMENT,2026-08-08 20:21:22
EV_TXN_8101,STN_104,Central Zone - Metro Station,65,18.06,270.9,Credit Card,SUCCESS,2026-08-04 00:51:22
EV_TXN_8102,STN_109,West Zone - Highway Corridor,103,30.79,461.85,Credit Card,SUCCESS,2026-08-20 17:26:22
EV_TXN_8103,STN_114,West Zone - Highway Corridor,106,29.8,447.0,UPI / QR,FAILED_PAYMENT,2026-08-03 04:16:22
EV_TXN_8104,STN_112,North Zone - Tech Park,155,56.45,846.75,,SUCCESS,2026-08-13 06:20:22
EV_TXN_8105,STN_103,Central Zone - Metro Station,86,17.32,259.8,Mobile Wallet,SUCCESS,2026-08-13 23:25:22
EV_TXN_8106,STN_106,North Zone - Tech Park,105,36.58,548.7,Credit Card,SUCCESS,2026-08-05 16:23:22
EV_TXN_8107,STN_109,Central Zone - Metro Station,150,33.82,507.3,Mobile Wallet,FAILED_PAYMENT,2026-08-02 01:32:22
EV_TXN_8108,STN_103,East Zone - Commercial Hub,139,29.55,443.25,UPI / QR,SUCCESS,2026-08-10 20:18:22
EV_TXN_8109,STN_113,North Zone - Tech Park,151,37.18,557.7,Mobile Wallet,SUCCESS,2026-08-03 04:24:22
EV_TXN_8110,STN_106,North Zone - Tech Park,66,25.66,,RFID Card,SUCCESS,2026-08-09 18:02:22
EV_TXN_8111,STN_102,Central Zone - Metro Station,119,41.94,629.1,RFID Card,FAILED_PAYMENT,2026-08-04 01:33:22
EV_TXN_8112,STN_103,East Zone - Commercial Hub,81,20.15,302.25,Credit Card,CHARGER_FAULT,2026-08-06 17:30:22
EV_TXN_8113,STN_108,South Zone - Residential,22,7.51,112.65,Credit Card,SUCCESS,2026-08-06 05:21:22
EV_TXN_8114,STN_106,Central Zone - Metro Station,87,34.22,513.3,Credit Card,SUCCESS,2026-08-09 15:41:22
EV_TXN_8115,STN_102,Central Zone - Metro Station,40,11.53,172.95,Credit Card,SUCCESS,2026-08-17 23:37:22
EV_TXN_8116,STN_108,East Zone - Commercial Hub,77,19.29,289.35,Credit Card,SUCCESS,2026-08-11 03:08:22
EV_TXN_8117,STN_108,East Zone - Commercial Hub,104,40.89,613.35,Mobile Wallet,SUCCESS,2026-08-18 01:04:22
EV_TXN_8118,STN_103,South Zone - Residential,117,31.93,478.95,Mobile Wallet,SUCCESS,2026-08-09 06:37:22
EV_TXN_8119,STN_113,North Zone - Tech Park,74,15.56,233.4,,SUCCESS,2026-08-10 20:10:22
EV_TXN_8120,STN_105,Central Zone - Metro Station,159,41.41,,Credit Card,FAILED_PAYMENT,2026-08-11 17:52:22
